questions,answers
What is emphasized as the primary obligation of a human being in the text?,"The primary obligation of a human being is described as no greater opportunity, responsibility, or obligation than to become a physician. In the care of the suffering, the physician needs technical skill, scientific knowledge, and human understanding. Tact, sympathy, and understanding are expected of the physician, for the patient is no mere collection of symptoms, signs, disordered functions, damaged organs, and disturbed emotions. The excerpt is from 'Harrison�s Principles of Internal Medicine, 1950'."
What qualities are expected of a physician in the care of the suffering according to the text?,"Tact, sympathy, and understanding are expected of the physician in the care of the suffering. The patient is not merely a collection of symptoms but a human being seeking relief, help, and reassurance. This is highlighted in 'Harrison�s Principles of Internal Medicine, 1950'."
How has the practice of medicine changed since 1950?,"The practice of medicine has changed significantly since 1950 due to advancements in molecular genetics, sophisticated new imaging techniques, robotics, and advances in bioinformatics and information technology, contributing to an explosion of scientific information. This is evident in 'Harrison�s Principles of Internal Medicine, 1950'."
What role does scientific knowledge play in everyday medical practice?,"Today's physicians strive to integrate an ever-expanding body of scientific knowledge into everyday practice. This integration is crucial for delivering effective patient care. This idea is articulated in 'Harrison�s Principles of Internal Medicine, 1950'."
What are the two key principles emphasized in the text regarding medicine?,"The text emphasizes two key principles: 1) the ultimate goal of medicine is to prevent disease and, when it occurs, to diagnose it early and provide effective treatment, and 2) despite 70 years of scientific advances, a trusting relationship between physician and patient still lies at the heart of effective patient care. These principles are stated in 'Harrison�s Principles of Internal Medicine, 1950'."
"What is depicted in the painting ""The Doctor"" by Luke Fildes?","The painting depicts the caring relationship between a Victorian physician and a very ill child. Painted in 1891, the painting reflects the death of the painter�s young son from typhoid fever and was intended to reflect the compassionate care provided by the physician even when his tools were not able to influence the course of disease. This information is provided in 'Harrison�s Principles of Internal Medicine, 1950'."
What forms the foundation for the approach and solution to many clinical problems according to the text?,"Deductive reasoning and applied technology form the foundation for the approach and solution to many clinical problems. Advances in biochemistry, cell biology, immunology, and genomics, coupled with newly developed imaging techniques, provide insights into the body's functions. This is discussed in 'Harrison�s Principles of Internal Medicine, 1950'."
How have electronic medical records and the Internet impacted medical education and practice?,"The widespread use of electronic medical records and the Internet have altered the way physicians and other health care providers access and exchange information as a routine part of medical education and practice. This is a notable development described in 'Harrison�s Principles of Internal Medicine, 1950'."
What advancements have been made in bioinformatics and information technology according to the text?,"Advancements in bioinformatics and information technology, including the widespread use of electronic medical records and the Internet, have contributed to an explosion of scientific information in medicine. This is elaborated upon in 'Harrison�s Principles of Internal Medicine, 1950'."
"How has the growth of scientific knowledge affected the way physicians define, diagnose, treat, and prevent disease?","The growth of scientific knowledge, including advancements in molecular genetics, imaging techniques, robotics, and bioinformatics, has fundamentally changed the way physicians define, diagnose, treat, and attempt to prevent disease. This transformation is discussed in 'Harrison�s Principles of Internal Medicine, 1950'."
What are clinicians learning about the regulation of genes and their impact on cells and organisms?,"Clinicians are learning how subtle changes in many different genes, acting in an integrative contextual way, can affect the function of cells and organisms. This understanding is being elucidated in 'Harrison�s Principles of Internal Medicine, 1950'."
What are some significant changes in the practice of medicine since the publication of the first edition of the book?,"Significant changes in the practice of medicine include the advent of molecular genetics, sophisticated new imaging techniques, robotics, and advances in bioinformatics and information technology. These changes are highlighted in 'Harrison�s Principles of Internal Medicine, 1950'."
What is the significance of a trusting relationship between physician and patient according to the text?,"A trusting relationship between physician and patient still lies at the heart of effective patient care, despite 70 years of scientific advances since the first edition of the book. This relationship is essential for providing effective medical care as emphasized in 'Harrison�s Principles of Internal Medicine, 1950'."
What does the excerpt suggest about the physician-patient relationship?,"The excerpt suggests that despite scientific advances in medicine, a trusting relationship between physician and patient remains crucial for effective patient care. This idea is conveyed in 'Harrison�s Principles of Internal Medicine, 1950'."
"How does technical skill, scientific knowledge, and human understanding contribute to the care of the suffering?","Technical skill, scientific knowledge, and human understanding are essential for physicians in the care of the suffering. Tact, sympathy, and understanding are expected, as the patient is not merely a collection of symptoms but a human being seeking relief, help, and reassurance. This is articulated in 'Harrison�s Principles of Internal Medicine, 1950'."
What are some examples of advancements in bioinformatics and information technology mentioned in the text?,"Advancements in bioinformatics and information technology include the widespread use of electronic medical records and the Internet, which have altered the way physicians and other health care providers access and exchange information as a routine part of medical education and practice. This is mentioned in 'Harrison�s Principles of Internal Medicine, 1950'."
What are some of the tools that have contributed to the explosion of scientific information in medicine?,"Advancements in molecular genetics, imaging techniques, robotics, bioinformatics, and information technology have contributed to an explosion of scientific information in medicine. These tools have transformed the practice of medicine as discussed in 'Harrison�s Principles of Internal Medicine, 1950'."
What is the significance of preventing disease and diagnosing it early in medicine according to the excerpt?,"Preventing disease and diagnosing it early are stated as the ultimate goals of medicine. Despite scientific advances, a trusting relationship between physician and patient remains crucial. This idea is conveyed in 'Harrison�s Principles of Internal Medicine, 1950'."
How does the text describe the patient in the care of the suffering?,"The patient is described as human, fearful, and hopeful, seeking relief, help, and reassurance. The physician is expected to provide tact, sympathy, and understanding, recognizing that the patient is not merely a collection of symptoms but a human being. This description is provided in 'Harrison�s Principles of Internal Medicine, 1950'."
What role does scientific knowledge play in everyday medical practice?,"Scientific knowledge plays a crucial role in everyday medical practice as physicians strive to integrate an ever-expanding body of scientific knowledge into their practice. This integration is essential for delivering effective patient care. This idea is discussed in 'Harrison�s Principles of Internal Medicine, 1950'."
What are some of the foundational elements in clinical problem-solving mentioned in the text?,"Deductive reasoning and applied technology are mentioned as foundational elements in clinical problem-solving. The text highlights extraordinary advances in biochemistry, cell biology, immunology, genomics, and newly developed imaging techniques as providing insights into disease mechanisms."
How has molecular genetics influenced the understanding and practice of medicine?,"Molecular genetics has influenced medicine by providing insights into the molecular basis of disease. It has revealed complex mechanisms of gene regulation and how subtle changes in genes can affect the function of cells and organisms. Understanding genetics has led to personalized approaches to diagnosis, treatment, and prevention."
What role do deductive reasoning and technology play in modern medical approaches?,"Deductive reasoning and technology form the foundation for the approach and solution to many clinical problems. They provide insights into disease mechanisms, allow access to the innermost parts of the cell, and aid in understanding the complex interplay of genes and environment in health and disease."
How has the advent of bioinformatics impacted medical research and practice?,"The advent of bioinformatics has contributed to an explosion of scientific information, fundamentally changing how physicians define, diagnose, treat, and prevent diseases. Bioinformatics enables the analysis of complex biological data, leading to insights into disease mechanisms, personalized medicine, and the development of novel therapies."
